-- MySQL dump 10.13  Distrib 5.5.47, for debian-linux-gnu (x86_64)
--
-- Host: localhost    Database: psycho_tests
-- ------------------------------------------------------
-- Server version	5.5.47-0ubuntu0.14.04.1

/*!40101 SET @OLD_CHARACTER_SET_CLIENT=@@CHARACTER_SET_CLIENT */;
/*!40101 SET @OLD_CHARACTER_SET_RESULTS=@@CHARACTER_SET_RESULTS */;
/*!40101 SET @OLD_COLLATION_CONNECTION=@@COLLATION_CONNECTION */;
/*!40101 SET NAMES utf8 */;
/*!40103 SET @OLD_TIME_ZONE=@@TIME_ZONE */;
/*!40103 SET TIME_ZONE='+00:00' */;
/*!40014 SET @OLD_UNIQUE_CHECKS=@@UNIQUE_CHECKS, UNIQUE_CHECKS=0 */;
/*!40014 SET @OLD_FOREIGN_KEY_CHECKS=@@FOREIGN_KEY_CHECKS, FOREIGN_KEY_CHECKS=0 */;
/*!40101 SET @OLD_SQL_MODE=@@SQL_MODE, SQL_MODE='NO_AUTO_VALUE_ON_ZERO' */;
/*!40111 SET @OLD_SQL_NOTES=@@SQL_NOTES, SQL_NOTES=0 */;

--
-- Table structure for table `categories`
--

DROP TABLE IF EXISTS `categories`;
/*!40101 SET @saved_cs_client     = @@character_set_client */;
/*!40101 SET character_set_client = utf8 */;
CREATE TABLE `categories` (
  `id` int(10) NOT NULL AUTO_INCREMENT,
  `name` varchar(255) NOT NULL,
  `position` int(3) NOT NULL DEFAULT '0',
  PRIMARY KEY (`id`)
) ENGINE=InnoDB AUTO_INCREMENT=9 DEFAULT CHARSET=utf8;
/*!40101 SET character_set_client = @saved_cs_client */;

--
-- Dumping data for table `categories`
--

LOCK TABLES `categories` WRITE;
/*!40000 ALTER TABLE `categories` DISABLE KEYS */;
INSERT INTO `categories` VALUES (1,'Психология',8),(2,'Математика',1),(3,'География',2),(4,'Информатика',3),(5,'Английский язык',4),(6,'Химия',5),(7,'Биология',6),(8,'Литература',7);
/*!40000 ALTER TABLE `categories` ENABLE KEYS */;
UNLOCK TABLES;

--
-- Table structure for table `orders`
--

DROP TABLE IF EXISTS `orders`;
/*!40101 SET @saved_cs_client     = @@character_set_client */;
/*!40101 SET character_set_client = utf8 */;
CREATE TABLE `orders` (
  `id` int(10) NOT NULL AUTO_INCREMENT,
  `price` float NOT NULL,
  `order_date` datetime NOT NULL,
  `customer_id` int(10) NOT NULL,
  `test_id` int(10) NOT NULL,
  PRIMARY KEY (`id`),
  KEY `customer_id` (`customer_id`),
  KEY `test_id` (`test_id`),
  CONSTRAINT `orders_ibfk_1` FOREIGN KEY (`customer_id`) REFERENCES `users` (`id`),
  CONSTRAINT `orders_ibfk_2` FOREIGN KEY (`test_id`) REFERENCES `tests` (`id`)
) ENGINE=InnoDB DEFAULT CHARSET=latin1;
/*!40101 SET character_set_client = @saved_cs_client */;

--
-- Dumping data for table `orders`
--

LOCK TABLES `orders` WRITE;
/*!40000 ALTER TABLE `orders` DISABLE KEYS */;
/*!40000 ALTER TABLE `orders` ENABLE KEYS */;
UNLOCK TABLES;

--
-- Table structure for table `passed_tests`
--

DROP TABLE IF EXISTS `passed_tests`;
/*!40101 SET @saved_cs_client     = @@character_set_client */;
/*!40101 SET character_set_client = utf8 */;
CREATE TABLE `passed_tests` (
  `user_id` int(10) NOT NULL,
  `test_id` int(10) NOT NULL,
  `result_value` varchar(10) NOT NULL,
  `result_id` int(10) NOT NULL,
  `test_data` blob NOT NULL,
  `passed_at` datetime NOT NULL,
  PRIMARY KEY (`user_id`,`test_id`),
  KEY `test_id` (`test_id`),
  CONSTRAINT `passed_tests_ibfk_1` FOREIGN KEY (`user_id`) REFERENCES `users` (`id`),
  CONSTRAINT `passed_tests_ibfk_2` FOREIGN KEY (`test_id`) REFERENCES `tests` (`id`)
) ENGINE=InnoDB DEFAULT CHARSET=utf8;
/*!40101 SET character_set_client = @saved_cs_client */;

--
-- Dumping data for table `passed_tests`
--

LOCK TABLES `passed_tests` WRITE;
/*!40000 ALTER TABLE `passed_tests` DISABLE KEYS */;
/*!40000 ALTER TABLE `passed_tests` ENABLE KEYS */;
UNLOCK TABLES;

--
-- Table structure for table `test_options`
--

DROP TABLE IF EXISTS `test_options`;
/*!40101 SET @saved_cs_client     = @@character_set_client */;
/*!40101 SET character_set_client = utf8 */;
CREATE TABLE `test_options` (
  `id` int(11) NOT NULL AUTO_INCREMENT,
  `title` varchar(255) NOT NULL,
  `value` varchar(10) NOT NULL,
  `index` int(11) DEFAULT NULL,
  `question_id` int(11) NOT NULL,
  PRIMARY KEY (`id`),
  KEY `question_id` (`question_id`),
  CONSTRAINT `test_options_ibfk_1` FOREIGN KEY (`question_id`) REFERENCES `test_questions` (`id`) ON DELETE CASCADE
) ENGINE=InnoDB AUTO_INCREMENT=501 DEFAULT CHARSET=utf8;
/*!40101 SET character_set_client = @saved_cs_client */;

--
-- Dumping data for table `test_options`
--

LOCK TABLES `test_options` WRITE;
/*!40000 ALTER TABLE `test_options` DISABLE KEYS */;
INSERT INTO `test_options` VALUES (1,'Да','1',1,1),(2,'Нет','0',2,1),(3,'Да','0',1,2),(4,'Нет','1',2,2),(5,'Да','1',1,3),(6,'Нет','0',2,3),(7,'Да','1',1,4),(8,'Нет','0',2,4),(9,'Да','0',1,5),(10,'Нет','1',2,5),(11,'Да','1',1,6),(12,'Нет','0',2,6),(13,'Да','1',1,7),(14,'Нет','0',2,7),(15,'Да','1',1,8),(16,'Нет','0',2,8),(17,'Да','0',1,9),(18,'Нет','1',2,9),(19,'Да','1',1,10),(20,'Нет','0',2,10),(21,'Да','1',1,11),(22,'Нет','0',2,11),(23,'Да','1',1,12),(24,'Нет','0',2,12),(25,'Да','1',1,13),(26,'Нет','0',2,13),(27,'Да','1',1,14),(28,'Нет','0',2,14),(29,'Да','1',1,15),(30,'Нет','0',2,15),(31,'Да','1',1,16),(32,'Нет','0',2,16),(33,'Да','1',1,17),(34,'Нет','0',2,17),(35,'Да','1',1,18),(36,'Нет','0',2,18),(37,'Да','1',1,19),(38,'Нет','0',2,19),(39,'Да','1',1,20),(40,'Нет','0',2,20),(41,'Да','0',1,21),(42,'Нет','1',2,21),(43,'Да','1',1,22),(44,'Нет','0',2,22),(45,'Да','1',1,23),(46,'Нет','0',2,23),(47,'Да','0',1,24),(48,'Нет','1',2,24),(49,'Да','0',1,25),(50,'Нет','1',2,25),(51,'Да','0',1,26),(52,'Нет','1',2,26),(53,'Да','0',1,27),(54,'Нет','1',2,27),(55,'Да','0',1,28),(56,'Нет','1',2,28),(57,'Да','0',1,29),(58,'Нет','1',2,29),(59,'Да','0',1,30),(60,'Нет','1',2,30),(61,'Да','0',1,31),(62,'Нет','1',2,31),(63,'Да','0',1,32),(64,'Нет','1',2,32),(65,'Да','0',1,33),(66,'Нет','1',2,33),(67,'Да','0',1,34),(68,'Нет','1',2,34),(69,'Да','0',1,35),(70,'Нет','1',2,35),(71,'Да','0',1,36),(72,'Нет','1',2,36),(73,'Да','0',1,37),(74,'Нет','1',2,37),(75,'Да','0',1,38),(76,'Нет','1',2,38),(77,'Да','0',1,39),(78,'Нет','1',2,39),(79,'Да','0',1,40),(80,'Нет','1',2,40),(81,'Да','1',1,41),(82,'Нет','0',2,41),(83,'Да','0',1,42),(84,'Нет','1',2,42),(85,'Да','1',1,43),(86,'Нет','0',2,43),(87,'Да','0',1,44),(88,'Нет','1',2,44),(89,'Да','1',1,45),(90,'Нет','0',2,45),(91,'немного близких друзей','0',1,46),(92,'большую товарищескую компанию','5',2,46),(93,'с занимательным сюжетом','5',1,47),(94,'с раскрытием переживаний героев','0',2,47),(95,'опоздание','0',1,48),(96,'ошибки','5',2,48),(97,'остро переживаете','0',1,49),(98,'острых переживаний нет','5',2,49),(99,'быстро, легко','5',1,50),(100,'медленно, осторожно','0',2,50),(101,'да','0',1,51),(102,'нет','5',2,51),(103,'да','5',1,52),(104,'нет','0',2,52),(105,'молчаливым','0',1,53),(106,'разговорчивым','5',2,53),(107,'откровенен','5',1,54),(108,'скрытен','0',2,54),(109,'да','0',1,55),(110,'нет','5',2,55),(111,'говорить','5',1,56),(112,'слушать','0',2,56),(113,'да','0',1,57),(114,'нет','5',2,57),(115,'да','5',1,58),(116,'нет','0',2,58),(117,'да','0',1,59),(118,'нет','5',2,59),(119,'да','5',1,60),(120,'нет','0',2,60),(121,'да','5',1,61),(122,'нет','0',2,61),(123,'да','5',1,62),(124,'нет','0',2,62),(125,'быстры','5',1,63),(126,'замедленны','0',2,63),(127,'часто','0',1,64),(128,'редко','5',2,64),(129,'спешите обратиться за помощью к другим','5',1,65),(130,'не любите обращаться','0',2,65),(131,'инженер-техник','1',1,66),(132,'инженер-контролер','2',2,66),(133,'вязальщик','1',1,67),(134,'санитарный врач','3',2,67),(135,'повар','1',1,68),(136,'наборщик','4',2,68),(137,'фотограф','1',1,69),(138,'заведующий магазином','5',2,69),(139,'чертежник','1',1,70),(140,'дизайнер','6',2,70),(141,'философ','2',1,71),(142,'психиатр','3',2,71),(143,'ученый-химик','2',1,72),(144,'бухгалтер','4',2,72),(145,'редактор научного журнала','2',1,73),(146,'адвокат','5',2,73),(147,'лингвист','2',1,74),(148,'переводчик художественной литературы','6',2,74),(149,'педиатр','3',1,75),(150,'статистик','4',2,75),(151,'организатор воспитательной работы','3',1,76),(152,'председатель профсоюза','5',2,76),(153,'спортивный врач','3',1,77),(154,'фельетонист','6',2,77),(155,'нотариус','4',1,78),(156,'снабженец','5',2,78),(157,'перфоратор','4',1,79),(158,'карикатурист','6',2,79),(159,'политический деятель','5',1,80),(160,'писатель','6',2,80),(161,'садовник','1',1,81),(162,'метеоролог','2',2,81),(163,'водитель','1',1,82),(164,'медсестра','3',2,82),(165,'инженер-электрик','1',1,83),(166,'секретарь-машинистка','4',2,83),(167,'маляр','1',1,84),(168,'художник по металлу','6',2,84),(169,'биолог','2',1,85),(170,'главный врач','3',2,85),(171,'телеоператор','1',1,86),(172,'режиссер','6',2,86),(173,'гидролог','2',1,87),(174,'ревизор','4',2,87),(175,'зоолог','2',1,88),(176,'зоотехник','5',2,88),(177,'математик','2',1,89),(178,'архитектор','6',2,89),(179,'работник ИДН','3',1,90),(180,'счетовод','4',2,90),(181,'учитель','3',1,91),(182,'командир дружинников','5',2,91),(183,'воспитатель','3',1,92),(184,'художник по керамике','6',2,92),(185,'экономист','4',1,93),(186,'заведующий отделом','5',2,93),(187,'корректор','4',1,94),(188,'критик','6',2,94),(189,'завхоз','5',1,95),(190,'директор','6',2,95),(191,'радиоинженер','1',1,96),(192,'специалист по ядерной физике','2',2,96),(193,'наладчик','1',1,97),(194,'механик','4',2,97),(195,'агроном','1',1,98),(196,'председатель сельхозкооператива','5',2,98),(197,'закройщик-модельер','1',1,99),(198,'декоратор','6',2,99),(199,'археолог','2',1,100),(200,'эксперт','5',2,100),(201,'работник музея','2',1,101),(202,'консультант','3',2,101),(203,'ученый','2',1,102),(204,'актер','5',2,102),(205,'логопед','3',1,103),(206,'стенографист','4',2,103),(207,'врач','3',1,104),(208,'дипломат','5',2,104),(209,'главный бухгалтер','4',1,105),(210,'директор','5',2,105),(211,'поэт','3',1,106),(212,'психолог','6',2,106),(213,'архивариус','4',1,107),(214,'скульптор','6',2,107),(215,'Определенно, да','1',1,108),(216,'Пожалуй, да','2',2,108),(217,'Пожалуй, нет','3',3,108),(218,'Нет, не всегда','4',4,108),(219,'Определенно, да','1',1,109),(220,'Пожалуй, да','2',2,109),(221,'Пожалуй, нет','3',3,109),(222,'Определенно, нет','4',4,109),(223,'Определенно, да','1',1,110),(224,'Пожалуй, да','2',2,110),(225,'Пожалуй, нет','3',3,110),(226,'Определенно, нет','4',4,110),(227,'Очень часто','4',1,111),(228,'Довольно часто','3',2,111),(229,'Довольно редко','2',3,111),(230,'Почти никогда','1',4,111),(231,'Да, всегда владею','1',1,112),(232,'Пожалуй, всегда','2',2,112),(233,'Пожалуй, нет','3',3,112),(234,'Нет, не владею','4',4,112),(235,'Такое случается очень часто','4',1,113),(236,'Бывает время от времени','3',2,113),(237,'Такое случается редко','2',3,113),(238,'Такого вовсе не бывает','1',4,113),(239,'Определенно, да','4',1,114),(240,'Пожалуй, да','3',2,114),(241,'Пожалуй, нет','2',3,114),(242,'Определенно, нет','1',4,114),(243,'Да, определенно мог бы','1',1,115),(244,'Пожалуй, мог бы','2',2,115),(245,'Скорее всего, не мог бы','3',3,115),(246,'Нет, определенно не мог бы','4',4,115),(247,'Да, всегда','1',1,116),(248,'Часто','2',2,116),(249,'Редко','3',3,116),(250,'Нет, почти никогда','4',4,116),(251,'Так я реагирую почти всегда','1',1,117),(252,'Так я реагирую довольно часто','2',2,117),(253,'Я редко так реагирую','3',3,117),(254,'Я никогда так не реагирую','4',4,117),(255,'Да, часто','4',1,118),(256,'Иногда','3',2,118),(257,'Редко','2',3,118),(258,'Почти никогда','1',4,118),(259,'Определенно, да','4',1,119),(260,'Пожалуй, да','3',2,119),(261,'Пожалуй, нет','2',3,119),(262,'Определенно, нет','1',4,119),(263,'Определенно, да','1',1,120),(264,'Пожалуй, да','2',2,120),(265,'Пожалуй, нет','3',3,120),(266,'Определенно, нет','4',4,120),(267,'Именно так оно и есть','4',1,121),(268,'Скорее всего, это так','3',2,121),(269,'С этим я вряд ли соглашусь','2',3,121),(270,'Я с этим, определенно, не согласен','1',4,121),(271,'Наверняка, так','4',1,122),(272,'Довольно вероятно','3',2,122),(273,'Маловероятно','2',3,122),(274,'Почти невероятно','1',4,122),(275,'Определенно, да','1',1,123),(276,'Пожалуй, да','2',2,123),(277,'Пожалуй, нет','3',3,123),(278,'Определенно, нет','4',4,123),(279,'Такие желания возникают у меня часто','4',1,124),(280,'Такие желания возникают у меня время от времени','3',2,124),(281,'У меня редко возникают желания такого рода','2',3,124),(282,'Заведомо неосуществимых желаний у меня не возникает','1',4,124),(283,'Да, часто замечаю','4',1,125),(284,'Иногда замечаю','3',2,125),(285,'Замечаю довольно редко','2',3,125),(286,'Нет, никогда не замечаю','1',4,125),(287,'Да, так часто случается','4',1,126),(288,'Иногда бывает так','3',2,126),(289,'Так бывает довольно редко','2',3,126),(290,'Так почти никогда не случается','1',4,126),(291,'Определенно, да','4',1,127),(292,'Пожалуй, да','3',2,127),(293,'Пожалуй, нет','2',3,127),(294,'Определенно, нет','1',4,127),(295,'полностью согласен','2',1,128),(296,'больше \"да\", чем \"нет\"','1',2,128),(297,'ни \"да\", ни \"нет\", нечто среднее','0',3,128),(298,'больше \"нет\", чем \"да\"','-1',4,128),(299,'полностью не согласен','-2',5,128),(300,'полностью согласен','2',1,129),(301,'больше \"да\", чем \"нет\"','1',2,129),(302,'ни \"да\", ни \"нет\", нечто среднее','0',3,129),(303,'больше \"нет\", чем \"да\"','-1',4,129),(304,'полностью не согласен','-2',5,129),(305,'полностью согласен','2',1,130),(306,'больше \"да\", чем \"нет\"','1',2,130),(307,'ни \"да\", ни \"нет\", нечто среднее','0',3,130),(308,'больше \"нет\", чем \"да\"','-1',4,130),(309,'полностью не согласен','-2',5,130),(310,'полностью согласен','2',1,131),(311,'больше \"да\", чем \"нет\"','1',2,131),(312,'ни \"да\", ни \"нет\", нечто среднее','0',3,131),(313,'больше \"нет\", чем \"да\"','-1',4,131),(314,'полностью не согласен','-2',5,131),(315,'полностью согласен','2',1,132),(316,'больше \"да\", чем \"нет\"','1',2,132),(317,'ни \"да\", ни \"нет\", нечто среднее','0',3,132),(318,'больше \"нет\", чем \"да\"','-1',4,132),(319,'полностью не согласен','-2',5,132),(320,'полностью согласен','2',1,133),(321,'больше \"да\", чем \"нет\"','1',2,133),(322,'ни \"да\", ни \"нет\", нечто среднее','0',3,133),(323,'больше \"нет\", чем \"да\"','-1',4,133),(324,'полностью не согласен','-2',5,133),(325,'полностью согласен','2',1,134),(326,'больше \"да\", чем \"нет\"','1',2,134),(327,'ни \"да\", ни \"нет\", нечто среднее','0',3,134),(328,'больше \"нет\", чем \"да\"','-1',4,134),(329,'полностью не согласен','-2',5,134),(330,'полностью согласен','2',1,135),(331,'больше \"да\", чем \"нет\"','1',2,135),(332,'ни \"да\", ни \"нет\", нечто среднее','0',3,135),(333,'больше \"нет\", чем \"да\"','-1',4,135),(334,'полностью не согласен','-2',5,135),(335,'полностью согласен','2',1,136),(336,'больше \"да\", чем \"нет\"','1',2,136),(337,'ни \"да\", ни \"нет\", нечто среднее','0',3,136),(338,'больше \"нет\", чем \"да\"','-1',4,136),(339,'полностью не согласен','-2',5,136),(340,'полностью согласен','2',1,137),(341,'больше \"да\", чем \"нет\"','1',2,137),(342,'ни \"да\", ни \"нет\", нечто среднее','0',3,137),(343,'больше \"нет\", чем \"да\"','-1',4,137),(344,'полностью не согласен','-2',5,137),(345,'полностью согласен','2',1,138),(346,'больше \"да\", чем \"нет\"','1',2,138),(347,'ни \"да\", ни \"нет\", нечто среднее','0',3,138),(348,'больше \"нет\", чем \"да\"','-1',4,138),(349,'полностью не согласен','-2',5,138),(350,'полностью согласен','2',1,139),(351,'больше \"да\", чем \"нет\"','1',2,139),(352,'ни \"да\", ни \"нет\", нечто среднее','0',3,139),(353,'больше \"нет\", чем \"да\"','-1',4,139),(354,'полностью не согласен','-2',5,139),(355,'полностью согласен','2',1,140),(356,'больше \"да\", чем \"нет\"','1',2,140),(357,'ни \"да\", ни \"нет\", нечто среднее','0',3,140),(358,'больше \"нет\", чем \"да\"','-1',4,140),(359,'полностью не согласен','-2',5,140),(360,'полностью согласен','2',1,141),(361,'больше \"да\", чем \"нет\"','1',2,141),(362,'ни \"да\", ни \"нет\", нечто среднее','0',3,141),(363,'больше \"нет\", чем \"да\"','-1',4,141),(364,'полностью не согласен','-2',5,141),(365,'полностью согласен','2',1,142),(366,'больше \"да\", чем \"нет\"','1',2,142),(367,'ни \"да\", ни \"нет\", нечто среднее','0',3,142),(368,'больше \"нет\", чем \"да\"','-1',4,142),(369,'полностью не согласен','-2',5,142),(370,'полностью согласен','2',1,143),(371,'больше \"да\", чем \"нет\"','1',2,143),(372,'ни \"да\", ни \"нет\", нечто среднее','0',3,143),(373,'больше \"нет\", чем \"да\"','-1',4,143),(374,'полностью не согласен','-2',5,143),(375,'полностью согласен','2',1,144),(376,'больше \"да\", чем \"нет\"','1',2,144),(377,'ни \"да\", ни \"нет\", нечто среднее','0',3,144),(378,'больше \"нет\", чем \"да\"','-1',4,144),(379,'полностью не согласен','-2',5,144),(380,'полностью согласен','2',1,145),(381,'больше \"да\", чем \"нет\"','1',2,145),(382,'ни \"да\", ни \"нет\", нечто среднее','0',3,145),(383,'больше \"нет\", чем \"да\"','-1',4,145),(384,'полностью не согласен','-2',5,145),(385,'полностью согласен','2',1,146),(386,'больше \"да\", чем \"нет\"','1',2,146),(387,'ни \"да\", ни \"нет\", нечто среднее','0',3,146),(388,'больше \"нет\", чем \"да\"','-1',4,146),(389,'полностью не согласен','-2',5,146),(390,'полностью согласен','2',1,147),(391,'больше \"да\", чем \"нет\"','1',2,147),(392,'ни \"да\", ни \"нет\", нечто среднее','0',3,147),(393,'больше \"нет\", чем \"да\"','-1',4,147),(394,'полностью не согласен','-2',5,147),(395,'полностью согласен','2',1,148),(396,'больше \"да\", чем \"нет\"','1',2,148),(397,'ни \"да\", ни \"нет\", нечто среднее','0',3,148),(398,'больше \"нет\", чем \"да\"','-1',4,148),(399,'полностью не согласен','-2',5,148),(400,'полностью согласен','2',1,149),(401,'больше \"да\", чем \"нет\"','1',2,149),(402,'ни \"да\", ни \"нет\", нечто среднее','0',3,149),(403,'больше \"нет\", чем \"да\"','-1',4,149),(404,'полностью не согласен','-2',5,149),(405,'полностью согласен','2',1,150),(406,'больше \"да\", чем \"нет\"','1',2,150),(407,'ни \"да\", ни \"нет\", нечто среднее','0',3,150),(408,'больше \"нет\", чем \"да\"','-1',4,150),(409,'полностью не согласен','-2',5,150),(410,'полностью согласен','2',1,151),(411,'больше \"да\", чем \"нет\"','1',2,151),(412,'ни \"да\", ни \"нет\", нечто среднее','0',3,151),(413,'больше \"нет\", чем \"да\"','-1',4,151),(414,'полностью не согласен','-2',5,151),(415,'полностью согласен','2',1,152),(416,'больше \"да\", чем \"нет\"','1',2,152),(417,'ни \"да\", ни \"нет\", нечто среднее','0',3,152),(418,'больше \"нет\", чем \"да\"','-1',4,152),(419,'полностью не согласен','-2',5,152),(420,'30 минут','0',1,153),(421,'20 минут','1',2,153),(422,'15 минут','0',3,153),(423,'25 минут','0',4,153),(424,'5 коробок печенья и 4 коробки конфет','1',1,154),(425,'3 коробки печенья и 2 коробки конфет','0',2,154),(426,'6 коробок печенья и 5 коробок конфет','0',3,154),(427,'10 коробок печенья и 8 коробок конфет','0',4,154),(428,'15 зайцев','0',1,155),(429,'25 зайцев','0',2,155),(430,'40 зайцев','0',3,155),(431,'20 зайцев','1',4,155),(432,'15.6 км по ветру и 10.2 против ветра','0',1,156),(433,'17.4 км по ветру и 13.8 против ветра','1',2,156),(434,'11.3 км по ветру и 9.6 против ветра','0',3,156),(435,'15.2 км по ветру и 10.6 против ветра','0',4,156),(436,'28','1',1,157),(437,'22','0',2,157),(438,'30','0',3,157),(439,'26','0',4,157),(440,'налево','1',1,158),(441,'направо','0',2,158),(442,'будет сидеть на дереве','0',3,158),(443,'будет спать','0',4,158),(444,'одноокий','0',1,159),(445,'треххвостый','0',2,159),(446,'пятиглавый','0',3,159),(447,'четырехлапый','1',4,159),(448,'5 гривен','0',1,160),(449,'4 гривны','0',2,160),(450,'2 гривны','1',3,160),(451,'10 гривен','0',4,160),(452,'в первый день на 10 гривен','0',1,161),(453,'в первый день на 1 гривну','1',2,161),(454,'во второй день на 10 гривен','0',3,161),(455,'в первый день на 5 гривен','0',4,161),(456,'7 караваев','0',1,162),(457,'5 караваев','0',2,162),(458,'4 каравая','0',3,162),(459,'3 каравая','1',4,162),(460,'2.4 т для Горыныча, по 1.3 т для Бабы-Яги и Кощея','1',1,163),(461,'1 т для Горыныча, по 2 т для Бабы-Яги и Кощея','0',2,163),(462,'3 т для Горыныча, по 1 т для Бабы-Яги и Кощея','0',3,163),(463,'2 т для Горыныча, по 1.5 т для Бабы-Яги и Кощея','0',4,163),(464,'17 головок сыра','0',1,164),(465,'20 головок сыра','0',2,164),(466,'12 головок сыра','0',3,164),(467,'15 головок сыра','1',4,164),(468,'Шреку – 38, Фионе – 31, дочерям – 5, 7, 9 лет','0',1,165),(469,'Шреку – 37, Фионе – 29, дочерям – 6, 8, 10 лет','1',2,165),(470,'Шреку – 36, Фионе – 30, дочерям – 4, 6, 8 лет','0',3,165),(471,'Шреку – 35, Фионе – 25, дочерям – 8, 10, 12 лет','0',4,165),(472,'6 минут','0',1,166),(473,'10 минут','0',2,166),(474,'4 минуты','1',3,166),(475,'5 минут','0',4,166),(476,'за 10 дней','0',1,167),(477,'за 7 дней','0',2,167),(478,'за 8 дней','0',3,167),(479,'за 6 дней','1',4,167),(480,'2 дня','1',1,168),(481,'3 дня','0',2,168),(482,'4 дня','0',3,168),(483,'1 день ','0',4,168),(484,'6 вариантов','0',1,169),(485,'8 вариантов','0',2,169),(486,'12 вариантов','0',3,169),(487,'24 варианта','1',4,169),(488,'7 способов','0',1,170),(489,'8 способов','0',2,170),(490,'9 способов','0',3,170),(491,'10 способов','1',4,170),(492,'40 гривен','0',1,171),(493,'39 гривен 10 копеек','0',2,171),(494,'37 гривен 40 копеек','1',3,171),(495,'36 гривен 50 копеек','0',4,171),(496,'450 м','0',1,172),(497,'500 м','0',2,172),(498,'1100 м','1',3,172),(499,'1500 м','0',4,172),(500,'Швеция','0',1,173),(501,'Исландия','1',2,173),(502,'Норвегия','0',3,173),(503,'Ирландия','0',4,173),(504,'Малайзия','0',1,174),(505,'Тонга','1',2,174),(506,'Индонезия','0',3,174),(507,'Бразилия','0',4,174),(508,'Эквадор','1',1,175),(509,'Непал','0',2,175),(510,'Венесуэла','0',3,175),(511,'Мексика','0',4,175),(512,'Португалия','0',1,176),(513,'Колумбия','1',2,176),(514,'Испания','0',3,176),(515,'Венесуэла','0',4,176),(516,'Индия','0',1,177),(517,'Япония','0',2,177),(518,'Китай','1',3,177),(519,'Монголия','0',4,177),(520,'Китай','0',1,178),(521,'Индия','1',2,178),(522,'Непал','0',3,178),(523,'Мьянма','0',4,178),(524,'Китай','0',1,179),(525,'Непал','0',2,179),(526,'Индия','1',3,179),(527,'Ирак','0',4,179),(528,'Новая Зеландия','0',1,180),(529,'ЮАР','0',2,180),(530,'Австралия','1',3,180),(531,'Коста-Рика','0',4,180),(532,'Монако','0',1,181),(533,'Сан-Марино','0',2,181),(534,'Люксембург','1',3,181),(535,'Андорра','0',4,181),(536,'Канада','0',1,182),(537,'США','1',2,182),(538,'Венесуэла','0',3,182),(539,'Бразилия','0',4,182),(540,'Индия','1',1,183),(541,'ЮАР','0',2,183),(542,'Новая Зеландия','0',3,183),(543,'Австралия','0',4,183),(544,'Мексика','0',1,184),(545,'Эквадор','0',2,184),(546,'Боливия','1',3,184),(547,'Чили','0',4,184),(548,'Ботсвана','1',1,185),(549,'Ангола','0',2,185),(550,'Гана','0',3,185),(551,'Египет','0',4,185),(552,'Люксембург','0',1,186),(553,'Великобритания','0',2,186),(554,'Нидерланды','1',3,186),(555,'Испания','0',4,186),(556,'Австралия','1',1,187),(557,'Индия','0',2,187),(558,'США','0',3,187),(559,'ЮАР','0',4,187),(560,'Эфиопия','0',1,188),(561,'Нигерия','0',2,188),(562,'Либерия','1',3,188),(563,'Конго','0',4,188),(564,'Франция','0',1,189),(565,'Германия','0',2,189),(566,'Украина','0',3,189),(567,'Великобритания','1',4,189),(568,'СССР','0',1,190),(569,'США','1',2,190),(570,'Китая','0',3,190),(571,'КНДР','0',4,190),(572,'Великобритания','0',1,191),(573,'Сингапур','1',2,191),(574,'Монако','0',3,191),(575,'Ирландия','0',4,191),(576,'США','0',1,192),(577,'Украина','0',2,192),(578,'Китай','1',3,192),(579,'Индия','0',4,192),(580,'на английском','0',1,193),(581,'на французском','1',2,193),(582,'на латыни','0',3,193),(583,'на греческом','0',4,193),(584,'Великобритания','1',1,194),(585,'Канада','0',2,194),(586,'Англия','0',3,194),(587,'США','0',4,194),(588,'в Вликобритании','1',1,195),(589,'в Австралии','0',2,195),(590,'в США','0',3,195),(591,'в Северной Ирландии','0',4,195),(592,'Манчестер','0',1,196),(593,'Лондон','1',2,196),(594,'Нью-Йорк','0',3,196),(595,'Торонто','0',4,196),(596,'июнь','1',1,197),(597,'май','0',2,197),(598,'июль','0',3,197),(599,'август','0',4,197),(600,'Агата Кристи','1',1,198),(601,'Джоанн Роулинг','0',2,198),(602,'Шарлотта Бронте','0',3,198),(603,'Джейн Остин','0',4,198),(604,'Новая Зеландия','1',1,199),(605,'Австралия','0',2,199),(606,'Великобритания','0',3,199),(607,'Канада','0',4,199),(608,'Новая Зеландия','1',1,200),(609,'Англия','0',2,200),(610,'США','0',3,200),(611,'Канада','0',4,200),(612,'Новая Зеландия','1',1,201),(613,'Северная Ирландия','0',2,201),(614,'Шотландия','0',3,201),(615,'Австралия','0',4,201),(616,'Новая Зеландия','1',1,202),(617,'Канада','0',2,202),(618,'США','0',3,202),(619,'Австралия','0',4,202),(620,'Новая Зеландия','0',1,203),(621,'Канада','1',2,203),(622,'Великобритания','0',3,203),(623,'Австралия','0',4,203),(624,'раскаленная солнцем','0',1,204),(625,'покрытая снегом','1',2,204),(626,'серебряный штат','0',3,204),(627,'источник воды','0',4,204),(628,'Лас-Вегас','1',1,205),(629,'Нью-Йорк','0',2,205),(630,'Лос-Анжелес','0',3,205),(631,'Сан-Франциско','0',4,205),(632,'Джордж Вашингтон','1',1,206),(633,'Томас Джефферсон','0',2,206),(634,'Эндрю Джексон','0',3,206),(635,'Джон Адамс','0',4,206),(636,'Род-Айленд','1',1,207),(637,'Нью-Джерси','0',2,207),(638,'Делавэр','0',3,207),(639,'Коннектикут','0',4,207),(640,'Вермонт','1',1,208),(641,'Миннесота','0',2,208),(642,'Северная Каролина','0',3,208),(643,'Джорджия','0',4,208),(644,'Вашингтон','1',1,209),(645,'Нью-Йорк','0',2,209),(646,'Колумбия','0',3,209),(647,'Линкольн','0',4,209),(648,'Гавайи','1',1,210),(649,'Аляска','0',2,210),(650,'Оризона','0',3,210),(651,'Оклахома','0',4,210),(652,'Конституция США','0',1,211),(653,'Декларация Независимости','1',2,211),(654,'договор с Великобританией','0',3,211),(655,'мирный договор между Севером и Югом','0',4,211),(656,'Австралия','1',1,212),(657,'США','0',2,212),(658,'Канада','0',3,212),(659,'Великобритания','0',4,212),(660,'олово','0',1,213),(661,'свинец','0',2,213),(662,'никель','1',3,213),(663,'медь','0',4,213),(664,'кальций','0',1,214),(665,'магний','0',2,214),(666,'железо','1',3,214),(667,'алюминий','0',4,214),(668,'серебро','0',1,215),(669,'золото','1',2,215),(670,'медь','0',3,215),(671,'железо','0',4,215),(672,'консервы','0',1,216),(673,'железный инструмент','1',2,216),(674,'списки','0',3,216),(675,'огниво','0',4,216),(676,'меди','1',1,217),(677,'алюминия','0',2,217),(678,'олова','0',3,217),(679,'железа','0',4,217),(680,'стронций','0',1,218),(681,'барий','0',2,218),(682,'платина','1',3,218),(683,'индий','0',4,218),(684,'серебра на руке','0',1,219),(685,'золота на шапке','0',2,219),(686,'чугуна на шею','1',3,219),(687,'стали на ноге','0',4,219),(688,'бронза','0',1,220),(689,'олово','1',2,220),(690,'алюминий','0',3,220),(691,'никель','0',4,220),(692,'золото','0',1,221),(693,'серебро','0',2,221),(694,'медь','0',3,221),(695,'железо','1',4,221),(696,'платина','0',1,222),(697,'иридий','0',2,222),(698,'алюминий','1',3,222),(699,'никель','0',4,222),(700,'калий','0',1,223),(701,'натрий','1',2,223),(702,'литий','0',3,223),(703,'неодим','0',4,223),(704,'никель','0',1,224),(705,'алюминий','0',2,224),(706,'индий','1',3,224),(707,'галлий','0',4,224),(708,'золото','0',1,225),(709,'ртуть','1',2,225),(710,'олово','0',3,225),(711,'свинец','0',4,225),(712,'железо','0',1,226),(713,'серебро','0',2,226),(714,'медь','1',3,226),(715,'платина','0',4,226),(716,'серебро','0',1,227),(717,'золото','0',2,227),(718,'платина','1',3,227),(719,'медь','0',4,227),(720,'Иисуса','0',1,228),(721,'Будду','1',2,228),(722,'Шиву','0',3,228),(723,'Аллаха','0',4,228),(724,'платина','0',1,229),(725,'алюминий','1',2,229),(726,'никель','0',3,229),(727,'титан','0',4,229),(728,'мышьяком','0',1,230),(729,'ртутью','1',2,230),(730,'свинцом','0',3,230),(731,'таллием','0',4,230),(732,'золото','0',1,231),(733,'рутений','1',2,231),(734,'серебро','0',3,231),(735,'европий','0',4,231),(736,'железо','0',1,232),(737,'серебро','0',2,232),(738,'медь','1',3,232),(739,'свинец','0',4,232),(740,'калькулятор','1',1,233),(741,'ЭВМ','0',2,233),(742,'Абак','0',3,233),(743,'Счеты','0',4,233),(744,'Магнитная лента','0',1,234),(745,'Дискета','0',2,234),(746,'Перфокарта','1',3,234),(747,'Лазерный диск','0',4,234),(748,'1991','0',1,235),(749,'1981','1',2,235),(750,'1971','0',3,235),(751,'1961','0',4,235),(752,'Чарльз Бэббидж','1',1,236),(753,'Жозеф Мари Жаккар','0',2,236),(754,'Вильгельм Шиккард','0',3,236),(755,'Леонардо да Винчи','0',4,236),(756,'Ада Августа Лавлейс (1815-1852)','1',1,237),(757,'Грейс Хоппер (1906-1992)','0',2,237),(758,'Никлаус Вирт (1934 - ...)','0',3,237),(759,'Жозеф Мари Жаккар','0',4,237),(760,'Ньютон','0',1,238),(761,'Эйнштейн','0',2,238),(762,'Паскаль','1',3,238),(763,'Фортран','0',4,238),(764,'1943','0',1,239),(765,'1961','0',2,239),(766,'1945','1',3,239),(767,'1999','0',4,239),(768,'Принтер','1',1,240),(769,'Сканер','0',2,240),(770,'Плоттер','0',3,240),(771,'Процессор','0',4,240),(772,'4.4 МБ','1',1,241),(773,'4.4 ГБ','0',2,241),(774,'4.4 ТБ','0',3,241),(775,'4.4 КБ','0',4,241),(776,'\"Марк-1\"','1',1,242),(777,'\"Марс-1\"','0',2,242),(778,'\"Мард-1\"','0',3,242),(779,'\"Морк-1\"','0',4,242),(780,'ЭНИАК','1',1,243),(781,'ИНИАК','0',2,243),(782,'ЭНИИК','0',3,243),(783,'ЭЗИАК','0',4,243),(784,'Лампа','0',1,244),(785,'Транзистор','1',2,244),(786,'Калькулятор','0',3,244),(787,'Триггер','0',4,244),(788,'Абакан','1',1,245),(789,'Арзамас','0',2,245),(790,'Дуст','0',3,245),(791,'Екатеринбург','0',4,245),(792,'Photo Shop','0',1,246),(793,'Internet','1',2,246),(794,'Compact Disk','0',3,246),(795,'Браузер','0',4,246),(796,'Логарифмическая линейка','0',1,247),(797,'Планиметр','1',2,247),(798,'Паскалина','0',3,247),(799,'Абак','0',4,247),(800,'Ткацкий станок','1',1,248),(801,'Мельница','0',2,248),(802,'Маслобойка','0',3,248),(803,'Гончарный круг','0',4,248),(804,'Тригонометрическая','0',1,249),(805,'Степенная','0',2,249),(806,'Логарифмическая','1',3,249),(807,'Периодическая','0',4,249);
/*!40000 ALTER TABLE `test_options` ENABLE KEYS */;
UNLOCK TABLES;

--
-- Table structure for table `test_questions`
--

DROP TABLE IF EXISTS `test_questions`;
/*!40101 SET @saved_cs_client     = @@character_set_client */;
/*!40101 SET character_set_client = utf8 */;
CREATE TABLE `test_questions` (
  `id` int(11) NOT NULL AUTO_INCREMENT,
  `value` text NOT NULL,
  `index` int(11) NOT NULL,
  `test_id` int(11) NOT NULL,
  `multioption` tinyint(4) NOT NULL DEFAULT '0',
  PRIMARY KEY (`id`),
  KEY `test_id` (`test_id`),
  CONSTRAINT `test_questions_ibfk_1` FOREIGN KEY (`test_id`) REFERENCES `tests` (`id`) ON DELETE CASCADE
) ENGINE=InnoDB AUTO_INCREMENT=250 DEFAULT CHARSET=utf8;
/*!40101 SET character_set_client = @saved_cs_client */;

--
-- Dumping data for table `test_questions`
--

LOCK TABLES `test_questions` WRITE;
/*!40000 ALTER TABLE `test_questions` DISABLE KEYS */;
INSERT INTO `test_questions` VALUES (1,'Легко ли вы запомните 5 различных телефонных номеров?',1,1,0),(2,'Случалось ли вам забыть о деловой встрече?',2,1,0),(3,'Можете ли вы вспомнить, что вы ели на завтрак 3 дня назад?',3,1,0),(4,'Помните ли вы свой первый поцелуй?',4,1,0),(5,'Позабыли ли вы свою первую любовь?',5,1,0),(6,'Можете ли вы вспомнить свой первый день в школе?',6,1,0),(7,'Сумеете ли прочесть наизусть стихотворение, которое учили еще в детстве?',7,1,0),(8,'Можете ли вы припомнить что-нибудь из одежды, которую носили в 10 лет?',8,1,0),(9,'Перед тем как позвонить, вы обычно ищете номер в телефонной книжке?',9,1,0),(10,'Можете ли вы вспомнить имя вашего первого друга?',10,1,0),(11,'Напоминают ли вам некоторые запахи какие-либо знакомые места?',11,1,0),(12,'Можете ли вы вспомнить дорогу, по которой ходили когда-то в школу?',12,1,0),(13,'Помните ли вы о днях рождения и юбилеях друзей?',13,1,0),(14,'Можете ли вы вспомнить, что у вас было на обед в прошлое воскресенье?',14,1,0),(15,'Помните ли, как прошел ваш восемнадцатый день рождения?',15,1,0),(16,'Можете ли вы вспомнить название первой понравившейся вам книги?',16,1,0),(17,'Помните ли вы, на какую тему была последняя прослушанная вами радиопередача?',17,1,0),(18,'Как вы были одеты в последний день перед уходом на военную службу? (Как вы были одеты на школьном выпускном балу?)',18,1,0),(19,'Помните ли вы, когда в последний раз были в театре?',19,1,0),(20,'Помните ли вы, в каком возрасте вы впервые самостоятельно ехали поездом?',20,1,0),(21,'Трудно ли вам вспомнить последние темы дня события?',21,1,0),(22,'Помните ли вы имя девушки, которой впервые назначили свидание? (Помните ли вы имя молодого человека, который впервые назначил вам свидание?)',22,1,0),(23,'Можете ли вы вспомнить, как звали вашего учителя в первом классе?',23,1,0),(24,'Трудно ли вам следить за действием фильма, телепередачи, книги, потому что вы забыли, что произошло в начале?',24,1,0),(25,'Случается ли вам, входя в комнату, мучительно вспомнить, зачем, собственно, вы пришли?',25,1,0),(26,'Бывает ли так, что вы забываете о важных для вас запланированных делах: оплатить счет в банке, прийти на встречу?',26,1,0),(27,'Затрудняетесь ли вы вспомнить номера телефонов, которыми постоянно пользуетесь?',27,1,0),(28,'Случается ли так, что вы забыли фамилию или имя человека, с которым часто общаетесь?',28,1,0),(29,'Способны ли вы заблудиться в знакомом месте?',29,1,0),(30,'Вспоминаете ли вы иногда с трудом, куда положили ту или иную ненужную вам вещь?',30,1,0),(31,'Бывает ли так, что вы забыли выключить газ, свет, закрыть входную дверь, покидая квартиру?',31,1,0),(32,'Случается ли вам несколько раз повторять одно и то же, вызывая недоумение окружающих?',32,1,0),(33,'Трудно ли вам вспоминать имена популярных людей или названия известных мест?',33,1,0),(34,'Вы вынуждены все записывать, так как не надеетесь на свою память?',34,1,0),(35,'Трудно ли вам запоминать новые игры, рецепты?',35,1,0),(36,'Теряете ли вы вещи?',36,1,0),(37,'Случается ли, что вы моментально забываете то, что вам только что сказали?',37,1,0),(38,'Бывает ли, что выбежав из дому, вы с ужасом вспоминаете, выключен ли утюг?',38,1,0),(39,'Собираясь в магазин, вы берете список продуктов, которые нужно купить?',39,1,0),(40,'Случалось ли вам забыть выполнить чье-то поручение?',40,1,0),(41,'Могли бы вы сейчас вспомнить адреса школьных друзей?',41,1,0),(42,'Замечаете ли вы, что читая, не вникаете в текст, так как думаете о другом?',42,1,0),(43,'Вы уверены, что можно положиться на ваши свидетельские показания?',43,1,0),(44,'Познакомившись с человеком, вы сразу забываете его имя?',44,1,0),(45,'Вы помните по именам всех своих школьных учителей?',45,1,0),(46,'Что Вы предпочитаете?',1,2,0),(47,'Какие книги Вы предпочитаете читать?',2,2,0),(48,'Что Вы скорее можете допустить в разговоре?',3,2,0),(49,'Если Вы совершаете дурной поступок, то:',4,2,0),(50,'Как Вы сходитесь с людьми?',5,2,0),(51,'Считаете ли Вы себя обидчивым?',6,2,0),(52,'Склонны ли Вы хохотать, смеяться от души?',7,2,0),(53,'Считаете ли Вы себя:',8,2,0),(54,'Откровенны ли Вы или скрытны?',9,2,0),(55,'Любите ли Вы заниматься анализом своих переживаний?',10,2,0),(56,'Находясь в обществе, Вы предпочитаете:',11,2,0),(57,'Часто ли Вы переживаете недовольство собой?',12,2,0),(58,'Любите ли Вы что-нибудь организовывать?',13,2,0),(59,'Хотелось бы Вам вести интимный дневник?',14,2,0),(60,'Быстро ли Вы переходите от решения к исполнению?',15,2,0),(61,'Легко ли Вы меняете ваше настроение?',16,2,0),(62,'Любите ли Вы убеждать других, навязывать свои взгляды?',17,2,0),(63,'Ваши движения:',18,2,0),(64,'Вы сильно беспокоитесь о возможных неприятностях:',19,2,0),(65,'В затруднительных случаях:',20,2,0),(66,'Выберите наиболее предпочтительный для себя вариант профессии:',1,3,0),(67,'Выберите наиболее предпочтительный для себя вариант профессии:',2,3,0),(68,'Выберите наиболее предпочтительный для себя вариант профессии:',3,3,0),(69,'Выберите наиболее предпочтительный для себя вариант профессии:',4,3,0),(70,'Выберите наиболее предпочтительный для себя вариант профессии:',5,3,0),(71,'Выберите наиболее предпочтительный для себя вариант профессии:',6,3,0),(72,'Выберите наиболее предпочтительный для себя вариант профессии:',7,3,0),(73,'Выберите наиболее предпочтительный для себя вариант профессии:',8,3,0),(74,'Выберите наиболее предпочтительный для себя вариант профессии:',9,3,0),(75,'Выберите наиболее предпочтительный для себя вариант профессии:',10,3,0),(76,'Выберите наиболее предпочтительный для себя вариант профессии:',11,3,0),(77,'Выберите наиболее предпочтительный для себя вариант профессии:',12,3,0),(78,'Выберите наиболее предпочтительный для себя вариант профессии:',13,3,0),(79,'Выберите наиболее предпочтительный для себя вариант профессии:',14,3,0),(80,'Выберите наиболее предпочтительный для себя вариант профессии:',15,3,0),(81,'Выберите наиболее предпочтительный для себя вариант профессии:',16,3,0),(82,'Выберите наиболее предпочтительный для себя вариант профессии:',17,3,0),(83,'Выберите наиболее предпочтительный для себя вариант профессии:',18,3,0),(84,'Выберите наиболее предпочтительный для себя вариант профессии:',19,3,0),(85,'Выберите наиболее предпочтительный для себя вариант профессии:',20,3,0),(86,'Выберите наиболее предпочтительный для себя вариант профессии:',21,3,0),(87,'Выберите наиболее предпочтительный для себя вариант профессии:',22,3,0),(88,'Выберите наиболее предпочтительный для себя вариант профессии:',23,3,0),(89,'Выберите наиболее предпочтительный для себя вариант профессии:',24,3,0),(90,'Выберите наиболее предпочтительный для себя вариант профессии:',25,3,0),(91,'Выберите наиболее предпочтительный для себя вариант профессии:',26,3,0),(92,'Выберите наиболее предпочтительный для себя вариант профессии:',27,3,0),(93,'Выберите наиболее предпочтительный для себя вариант профессии:',28,3,0),(94,'Выберите наиболее предпочтительный для себя вариант профессии:',29,3,0),(95,'Выберите наиболее предпочтительный для себя вариант профессии:',30,3,0),(96,'Выберите наиболее предпочтительный для себя вариант профессии:',31,3,0),(97,'Выберите наиболее предпочтительный для себя вариант профессии:',32,3,0),(98,'Выберите наиболее предпочтительный для себя вариант профессии:',33,3,0),(99,'Выберите наиболее предпочтительный для себя вариант профессии:',34,3,0),(100,'Выберите наиболее предпочтительный для себя вариант профессии:',35,3,0),(101,'Выберите наиболее предпочтительный для себя вариант профессии:',36,3,0),(102,'Выберите наиболее предпочтительный для себя вариант профессии:',37,3,0),(103,'Выберите наиболее предпочтительный для себя вариант профессии:',38,3,0),(104,'Выберите наиболее предпочтительный для себя вариант профессии:',39,3,0),(105,'Выберите наиболее предпочтительный для себя вариант профессии:',40,3,0),(106,'Выберите наиболее предпочтительный для себя вариант профессии:',41,3,0),(107,'Выберите наиболее предпочтительный для себя вариант профессии:',42,3,0),(108,'Если Вы беретесь за какое-то дело, то всегда доводите его до конца?',1,4,0),(109,'Вы всегда спокойно реагируете на резкие или неудачные замечания в свой адрес?',2,4,0),(110,'Вы всегда выполняете свои обещания?',3,4,0),(111,'Вы часто говорите и действуете под влиянием минутного настроения?',4,4,0),(112,'В критических, напряженных ситуациях Вы хорошо владеете собой?',5,4,0),(113,'У Вас часто без видимых или достаточно веских причин меняется настроение?',6,4,0),(114,'Вам часто приходится делать что-то наспех, когда поджимают сроки?',7,4,0),(115,'Вы могли бы назвать себя целеустремленным человеком?',8,4,0),(116,'В словах и поступках Вы придерживаетесь пословицы: \"Семь раз отмерь, один раз отрежь\"?',9,4,0),(117,'Вы подчеркнуто равнодушны к тем, кто несправедливо ворчит и задирает Вас, например, в автобусе или трамвае?',10,4,0),(118,'Вы сомневаетесь в своих силах и способностях?',11,4,0),(119,'Вы легко увлекаетесь новым делом, но можете быстро к нему охладеть?',12,4,0),(120,'Вы умеете сдерживаться, когда кто-либо из начальства незаслуженно Вас упрекает?',13,4,0),(121,'Вам кажется, что Вы еще не нашли себя?',14,4,0),(122,'Может ли под влиянием каких-либо новых обстоятельств Ваше мнение о самом себе не раз измениться?',15,4,0),(123,'Обычно Вас трудно вывести из себя?',16,4,0),(124,'У Вас возникают желания, которые по разных обстоятельствам неосуществимы?',17,4,0),(125,'Обсуждая с кем-либо важные жизненные проблемы, Вы замечаете, что Ваши собственные взгляды еще вполне не определились?',18,4,0),(126,'Случается ли, что какое-то дело Вам так надоедает, что, не закончив его, Вы беретесь за новое?',19,4,0),(127,'Вы несколько неуравновешенный человек?',20,4,0),(128,'Превысили бы Вы установленную скорость, чтобы быстрее оказать необходимую медицинскую помощь тяжелобольному человеку?',1,5,0),(129,'Согласились бы Вы ради хорошего заработка участвовать в опасной и длительной экспедиции?',2,5,0),(130,'Стали бы Вы на пути убегающего опасного взломщика?',3,5,0),(131,'Могли бы ехать на подножке товарного вагона при скорости более 100 км/час?',4,5,0),(132,'Можете ли Вы на другой день после бессонной ночи нормально работать?',5,5,0),(133,'Стали бы Вы первым переходить очень холодную реку?',6,5,0),(134,'Одолжили бы Вы другу большую сумму денег, будучи не совсем уверенным, что он сможет Вам вернуть эти деньги?',7,5,0),(135,'Вошли бы Вы вместе с укротителем в клетку со львами при его заверении, что это безопасно?',8,5,0),(136,'Могли бы Вы под руководством извне залезть на высокую фабричную трубу?',9,5,0),(137,'Могли бы Вы без тренировки управлять парусной лодкой?',10,5,0),(138,'Рискнули бы Вы схватить за уздечку бегущую лошадь?',11,5,0),(139,'Могли бы Вы после 10 стаканов пива ехать на велосипеде?',12,5,0),(140,'Могли бы Вы совершить прыжок с парашютом?',13,5,0),(141,'Могли бы Вы при необходимости проехать без билета от Таллина до Киева?',14,5,0),(142,'Могли бы Вы совершить автотурне, если бы за рулем сидел Ваш знакомый, который совсем недавно был в тяжелом дорожном происшествии?',15,5,0),(143,'Могли бы Вы с 10-метровой высоты прыгнуть на тент пожарной команды?',16,5,0),(144,'Могли бы Вы, чтобы избавиться от затяжной болезни с постельным режимом, пойти на опасную для жизни операцию?',17,5,0),(145,'Могли бы Вы спрыгнуть с подножки товарного вагона, движущегося со скоростью 50 км/час?',18,5,0),(146,'Могли бы Вы в виде исключения вместе с семью другими людьми, подняться в лифте, рассчитанном только на шесть человек?',19,5,0),(147,'Могли бы Вы за большое денежное вознаграждение перейти с завязанными глазами оживленный уличный перекресток?',20,5,0),(148,'Взялись бы Вы за опасную для жизни работу, если бы за нее хорошо платили?',21,5,0),(149,'Могли бы Вы после 10 рюмок водки вычислять проценты?',22,5,0),(150,'Могли бы Вы по указанию Вашего начальника взяться за высоковольтный провод, если бы он заверил Вас, что провод обесточен?',23,5,0),(151,'Могли бы Вы после некоторых предварительных объяснений управлять вертолетом?',24,5,0),(152,'Могли бы Вы, имея билеты, но без денег и продуктов, доехать из Львова до Мариуполя?',25,5,0),(153,'Расстояние между домами в Цветочном городке 3 км. Незнайка проходит это расстояние за полчаса, а поэт Цветик за 1 час. Однажды они договорились встретиться. Незнайка и Цветик одновременно вышли из своих домиков. Через какое время они встретятся?',1,6,0),(154,'Леопольд делал подарки для мышей на новый год. Печенье «Сырные шарики» продаются по 12 штук в коробке, а конфеты «Белочка» – по 15 штук в коробке. Какое наименьшее число коробок конфет и печенья необходимо купить Леопольду, чтобы тех и других в подарке было поровну?',2,6,0),(155,'Пес Шарик учил зайцев фотографировать. В течение недели каждый заяц один раз фотографировал других зайцев и Шарика (возможно, и себя). В конце недели оказалось, что у каждого из зайцев по 2 фотоснимка, а у Шарика – сто фотографий. Сколько зайцев в лесу?',3,6,0),(156,'Хорошо известно, что баба Яга летает на метле со скоростью 10,4 кмч. Иногда баба Яга летит по ветру и ей кажется, что она быстрее летит. А как против ветра, то медленнее. Сколько пролетит Яга за 1,5 часа по ветру и против него, если скорость ветра 1,2 кмч.',4,6,0),(157,'Мальвина задала Буратино решить задачу: \"Если к некоторому двузначному числу приписать справа цифру 0, то это число увеличится на 252. Найди это двузначное число\". Помогите Буратино!',5,6,0),(158,'«Идет направо — песнь заводит, налево — сказку говорит». Чтобы рассказать сказку, ученому Коту требуется 5 минут, а чтобы спеть песню — 4 минуты. В десять часов утра Кот начал рассказывать сказку. Куда будет идти Кот в полдень?',6,6,0),(159,'Все считали, что Дракон был однооким, двуухим, треххвостым, четырехлапым и пятииглым. На самом деле, только четыре из этих определений выстраиваются в определенную закономерность, а одно — лишнее. Какое?',7,6,0),(160,'Карлсон на день рождения Малышу купил книгу. Книга в переплете стоит 64 гривен. Сколько стоит переплет книги, если известно, что сама книга дороже ее переплета на 60 гривен?',8,6,0),(161,'В харчевне «Три пескаря» пекут пирожки и продают их на рынке. В первый день продали 100 пирожков по цене 1 гривна за один пирожок. На следующий день снизили цену на 10 % и продали 110 пирожков. В какой день хозяин харчевни заработал больше и на сколько?',9,6,0),(162,'С хозяйством попа справляются 10 работников. Каждый работник в день съедает 1 каравай хлеба. Поп принял на работу Балду. Живет Балда в поповом доме, спит себе на соломе, ест за четверых, работает за семерых. Поп прогнал лишних работников. Сколько караваев хлеба он экономил ежедневно?',10,6,0),(163,'Кощей Бессмертный заготовил 5 тонн мяса для гостей. Для каждой головы Горыныча приготовил по 0,8 тонн. А остальное мясо – нам с Бабой Ягой поровну. Сколько же тонн мяса было приготовлено для Горыныча, Кощея и Бабы-Яги?',11,6,0),(164,'Три мыши за два часа съедают три головки сыра. Сколько головок сыра съедят шесть мышей за пять часов?',12,6,0),(165,'Шреку, Фионе и трем их дочерям вместе 90 лет. Разница в возрасте между девочками - 2 года. Фиона на 10 лет старше, чем три дочки, вместе взятые. Разница в летах между Шреком и Фионой равнa возрасту средней дочери. Сколько лет Шреку, Фионе и трем их дочерям?',13,6,0),(166,'Фрёкен Бок съедает торт за полчаса, Малыш - за час, а Карлссон - за 5 минут. За какой время они съедят торт вместе?',14,6,0),(167,'6 рыбаков съели 6 судаков за 6 дней. За сколько дней 10 рыбаков съедят 10 судаков?',15,6,0),(168,'Марсианский межпланетный корабль прибыл с визитом на Землю. Марсиане едят самое большое один раз в день, либо утром, либо в полдень, либо вечером. Но едят они только тогда, когда испытывают чувство голода. Они могут обходится без пищи несколько дней. За время пребывания Марсиан на Земле, они ели 7 раз. Нам также известно, что они провели без пищи 7 раз утром, 6 раз в полдень и 7 вечеров. Сколько всего дней за время своего визита Марсиане провели без пищи?',16,6,0),(169,'Золушка приготовила обед. В меню имеются три супа: грибной суп, мясной суп, и фруктовый суп; четыре вторых блюда: фрикадельки и спагетти, макароны и гусь, вегетарианские котлетки, и запеченный цыпленок; два десерта: блинчики и сладкие каштаны в шоколаде и глазури. Сколько разных вариантов обедов из трех блюд можно составить, имея такой выбор, если заказать суп, второе блюдо и десерт?',17,6,0),(170,'Окно в комнате Дюймовочки имеет прямоугольную форму и разделено на 3х3 маленьких секций. Дюймовочка хочет покрасить три секции желтой краской. Но она хочет покрасить их так, чтобы окно смотрелось одинаковым, если смотреть на него снаружи или изнутри. Сколько всего способов покрасить свое окно есть у Дюймовочки?',18,6,0),(171,'Если Винни Пух даст ослику Иа 3 гривны, а Иа даст 5 гривен 60 копеек Пятачку, а Пятачок даст Винни Пуху 3 гривны 70 копеек, тогда у каждого из них окажется по 20 гривен. Сколько денег у Винни Пуха и Пятачка вместе на самом деле?',19,6,0),(172,'Улитка, длина туловища которой 5 см, хочет выползти из сырого колодца, используя для этого вертикальные стены. Улитка поднимается на 10 размеров своего туловища за 1 минуту, на 9 рамеров за вторую и т.д. После 10 минут подъема улитка останавливается для небольшого отдыха. Отдохнув, она продолжает двигаться в той же манере. Улитка стартовала со дна колодца, но на полпути соскользнула вниз и оказалась на высоте, равной 1/4 всей глубины колодца. Здесь она отдохнула снова, и затем, после 10 минут подъема тем же способом, что и раньше, она была все еще только на 2/3 оставшейся ей дороги наверх. Какова глубина колодца?',20,6,0),(173,'В какой стране нет железных дорог, в столице нет дымовых труб, на каждого жителя страны приходится до 4,5 овец и до 5 т выловленной рыбы. Столица какой страны является самой северной в мире?',1,7,0),(174,'В недавнем прошлом в этом островном тихоокеанском государстве идеалом красоты считалась полнота. Сейчас эстетический взгляд изменился в противоположную сторону. Какая страна мира повсеместно «села на диету»?',2,7,0),(175,'Как называется самая маленькая страна в пределах самых длинных в мире гор? На территории страны находится более 50 вулканов, кроме того, она одна из крупнейших в мире экспортеров бананов.',3,7,0),(176,'На гербе какой страны изображен корабль с поднятыми парусами, символизирующий плавание Колумба, и рог изобилия, из которого сыплются зерна кофе, символизирующие главный экспортный товар наряду с изумрудами, по экспорту которых она занимает первое место в мире?',4,7,0),(177,'В какой стране впервые за 1000 лет до европейцев стали использовать бумажные деньги, а в XIII в. бумажные деньги были уже основным средством денежного обращения?',5,7,0),(178,'К какой стране существует обычай, при котором вдова заживо сгорает в погребальном костре с мужем?',6,7,0),(179,'В какой стране в честь жены монарха был построен мавзолей-усыпальница, сложенный из мрамора, высотой более 70м, который строили 20 лет 20 тысяч рабочих, архитекторы и художники из Индии, Ирака, Османской империи, Италии?',7,7,0),(180,'История какого государства началась с того, что 11 английских судов, проплыв 8 месяцев и 1 неделю, в январе 1788 г. высадили на берег 756 арестантов, а также солдат охраны, тогда же был поднят британский флаг?',8,7,0),(181,'Территория какого европейского государства около пяти веков была независима, 180 лет была испанским владением, 100 лет – французским, затем 17 лет – снова испанским, следующие 80 лет – австрийским, затем 20 лет – опять французским, а после поражения Наполеона стала вновь независимой?',9,7,0),(182,'Территория какого государства прирастала за счет покупки земли у Франции, Испании, Англии, России и завоеваний у ближайшего соседа?',10,7,0),(183,'Какая колония была самым ценным владением Великобритании? Для транспортировки сырья из колонии были построены железные дороги, каналы, мосты, телеграфные линии к портам.',11,7,0),(184,'На территории какой современной страны на высоте 4200 м располагается город Потоси, который в XVII-XVIIIвв. являлся крупнейшим городом Нового света с числом жителей до 160 тысяч человек и обеспечивал в это время половину мировой добычи серебра?',12,7,0),(185,'На гербе какой страны изображены зебры и присутствует надпись «пусть будет дождь», 84% страны занимает пустыня, название которой с местного языка переводится как «огромная сушь». Эта страна занимает одно из первых мест в мире по добыче алмазов и поголовью скота на душу населения, до 2 на каждого жителя?',13,7,0),(186,'Какая страна, ставшая в XVI в. первой в мире буржуазной республикой, в настоящее время является конституционной монархией? Эта страна известна также как Голландия.',14,7,0),(187,'В какой стране два крупнейших по численности населения города названы в честь одного из премьер-министров Англии и министра колонии Англии?',15,7,0),(188,'Какая африканская страна стала с 1839 г. своеобразным близнецом США, где появился президент и вице-президент, полосатый флаг, что и в США, но с одной звездой, те же Конгресс и Белый дом, только миниатюрные, страна, получив опеку США, не подвергалась колониальным захватам?',16,7,0),(189,'Изобретатели какой страны подарили миру линолеум, паровой двигатель, пылесос, танк, цемент, паровоз? В этой стране была отпечатана первая поздравительная рождественская открытка.',17,7,0),(190,'Какая страна осуществила наибольшее количество ядерных испытаний? Ею был проведен первый в мире ядерный взрыв в 1945 году и первый подводный и надводный ядерный взрыв в 1946 году.',18,7,0),(191,'Какую страну можно из конца в конец проехать на метро? В этой стране расстояние между Москвой и Владивостоком определяется всего лишь сотней шагов.',19,7,0),(192,'В какой стране находится единственное искусственное сооружение, видимое из космоса невооруженным взглядом?',20,7,0),(193,'Гербы многих стран имеют девизы. На каком языке написан девиз Великобритании «Бог и мое право»?',1,9,0),(194,'На любой почтовой марке должно стоять название выпустившей ее страны латинскими буквами. Если названия не обнаружится – значит, это марка этой страны. Она освобождена от такой обязанности как первая в истории страна, использовавшая марки.',2,9,0),(195,'Первая пассажирская рельсовая дорога в мире была построена в 1801 году и работала она на конной тяге. В какой стране это было?',3,9,0),(196,'Это метро является старейшим в мире. Его открыли ещё в 1863 году. В каком городе это было?',4,9,0),(197,'А знаете, что официальный праздник «День рождения британского монарха» не совпадает с фактической датой рождения королевы Великобритании? Елизавета II родилась 21 апреля, но день рождения официально празднуется… В каком месяце?',5,9,0),(198,'Эта писательница стала одним из символов Великобритании. Она относится к числу самых известных в мире авторов, а ее книги являются самыми публикуемыми после Библии и сочинений Шекспира.',6,9,0),(199,'Эта страна примечательна тем, что в период с 2005 по 2006 года все руководящие должности занимали женщины. Какая это страна?',7,9,0),(200,'Эдмунд Хилари – первый человек, который покорил высочайшую точку планеты – гору Эверест. В какой стране он родился?',8,9,0),(201,'Примечательно, что в этой стране не водятся змеи. Что это за страна?',9,9,0),(202,'Самая крутая (в смысле идущая под уклон) улица в мире – Baldwin Street в городе Данидин. Угол наклона дорожного полотна там составляет 38 градусов. Этот рекорд занесен в Книгу Рекордов Гиннеса. Назовите страну.',10,9,0),(203,'Рестораны McDonald\'s знают во всем мире. Именно в этой стране открылся первый ресторан за пределами США. Назовите страну.',11,9,0),(204,'Невада является самым засушливым штатом США. Северную и центральную часть занимают горы, Южная часть занимает пустыня. Как название штата переводится с испанского?',12,9,0),(205,'Это один из самых знаменитых городов в Соединенных Штатах Америки. Он виден из космоса как самое яркое место на Земле. Что это за город?',13,9,0),(206,'Этот президент США курировал строительство Белого Дома и заложил первый камень этого здания, но никогда не жил в нем. Строительство было закончено через год после его смерти. Кто этот президент?',14,9,0),(207,'В США 50 штатов. Этот является самым маленьким американским штатом с самым длинным официальным названием.',15,9,0),(208,'Монпелье – самая маленькая столица штата в США. Ее население всего около девяти тысяч жителей. Кроме того, Монпелье – единственная в США столица штата, в которой нет ни одного МакДональдса. Столицей какого штата является этот город?',16,9,0),(209,'В США есть особенный город, который не принадлежит ни одному из штатов. Какой это город?',17,9,0),(210,'У большинства современных государств имеются национальные символы, которые олицетворяют ту или иную страну. Соединенные Штаты Америки тому не исключение и тоже имеют свою символику. Пожалуй, каждый житель Земли узнает флаг США. Свой нынешний вид с 50 звездами флаг приобрел в 1960 году, когда к США присоединился последний штат. Какой именно?',18,9,0),(211,'Мы привыкли называть США Соединенными Штатами Америки. А в каком документе официальный термин «Соединенные Штаты Америки» был использован впервые?',19,9,0),(212,'Трамвай – очень популярный вид транспорта. В каком государстве находится самая крупная трамвайная сеть в мире?',20,9,0),(213,'Избыток данного металла в почвах является причиной болезни глаз у скота на Южном Урале и заболевания «боанг» у кокосовых пальм на Гавайских островах (пальмы, пораженные «боангом», дают пустые орехи). Что это за металл?',1,10,0),(214,'Академик А.Е.Ферсман писал, что при отсутствии этого металла «… на улицах стоял бы ужас разрушения: ни рельсов, ни вагонов, и автомобилей, камни мостовой превращаются в труху, растения начинают чахнуть. Впрочем, человек бы этого не заметил, т.к., лишившись 3г этого металла, он бы моментально умер». Что это за металла?',2,10,0),(215,'Это был первый металл, который человек научился обрабатывать. Самые древние вещи из этого металла изготовлены в Египте примерно восемь тысяч лет назад. Шесть тысяч лет назад первыми начали изготавливать из этого металла и бронзы оружие и ювелирные изделия фракийцы, жившие на территории современной Болгарии, – на 1000 лет раньше жителей Месопотамии. Что это за металл?',3,10,0),(216,'Герою занимательного романа Даниэля Дефо повезло. Корабль, с которого он спасся, сидел на мели совсем недалеко от острова. Робинзон сумел погрузить на плот все необходимое и благополучно переправился на остров. «После долгих поисков я нашел ящик нашего плотника, и это была для меня поистине драгоценная находка, которой я не отдал бы тогда за целый корабль с золотом…». Что было в плотницком ящике?',4,10,0),(217,'Петр 1 не раз высказывал мысль о необходимости замены серебряной разменной монеты. При его жизни этот переход и был осуществлен. В 1700 г. появились «деньга» – 1/2 копейки, «полушка» – 1/4 копейки, «полуполушка» – 1/8 копейки. Первая копейка отчеканена в 1704г. Из какого металла она была?',5,10,0),(218,'Ю.Либих в середине XIXвека писал, что без этого металла «было бы невозможно во многих случаях сделать анализ минерала … состав большинства минералов остался бы неизвестным». О каком металле идет речь?',6,10,0),(219,'При Петре 1 вручалась медаль за пьянство. Из чего она была сделана и где крепилась?',7,10,0),(220,'К известному русскому химику В.В.Марковникову обратились из интендантства с просьбой объяснить, что происходит с лужеными чайниками, которые снабжали русскую армию. Чайник, принесенный в лабораторию, был покрыт серыми пятнами и наростами, которые осыпались даже при легком постукивании рукой. Анализ показал, что и пыль, и наросты состояли из вещества без каких-либо примесей. Какое вещество ведет себя так при низких температурах?',8,10,0),(221,'В Китае этот металл был известен уже в 2357 г. до н.э., а в Египте – в 2800 г. до н.э., хотя еще в 1600 г. до н.э на этот металл смотрели, как на диковинку, век этого металла в Европе начался приблизительно за 1000 лет до н.э., когда в государства Средиземноморья проникло искусство получения этого металла. О каком металле идет речь?',9,10,0),(222,'Историк Плиний Старший утверждает, что некий ювелир преподнес императору Тиберию легкую серебристую чашу из неизвестного металла. Император повелел убить мастера, т.к. побоялся, что обесценится его золото и серебро. О каком металле идет речь?',10,10,0),(223,'В Ветхом завете упоминается некое вещество «нетер». Это вещество употреблялось по современной терминологии как моющее средство. Скорее всего «нетер» это просто сода, которая образовалась в соленых египетских озерах. Об этом веществе, но под названием «нитрон» писали греческие авторы – Аристотель, Диоскорид. А древнеримский историк, упоминая это же вещество, назвал его «нитрум». О каком металле велась речь?',11,10,0),(224,'Этот редкий металл сыграл немаловажную роль в … защите Лондона от массированных налетов немецкой авиации во время второй мировой войны. Благодаря высокой отражательной способности этого металла, изготовленные из него зеркала, позволяли прожекторам противовоздушной обороны легко «пробивать» мощными лучами плотный туман, окутывающий британские острова. О каком металле идет речь?',12,10,0),(225,'Алхимики считали этот элемент матерью металлов, основой философского камня. Они называли его «живое серебро». О каком металле идет речь?',13,10,0),(226,'Я не менее красива, чем золото. Мой род очень древний, ему примерно 7 тысяч лет. С моей помощью 5 тыс. лет назад соорудили 147 метровую пирамиду Хеопса. Из меня изготовили щит герою Троянской войны Ахиллу. Я очень музыкальна, у меня прекрасный голос. Я умею исцелять, без меня у человека развивается малокровие, слабость. Кто я?',14,10,0),(227,'Из этого металла с уральских месторождений в 1828 – 1845 гг. чеканили монеты достоинством 3, 6 и 12 рублей, а потом весь запас этого металла за ненадобностью продали Англии. В честь XXII Олимпиады (Москва, 1980г.) из этого металла выпустили монеты достоинством 150 рублей. О каком металле идет речь?',15,10,0),(228,'Самую крупную отливку из металла удалось сделать японским мастерам. Было это 1200 лет назад. Весит она 437 тонн, представляет скульптуру высотой 22 метра (с пьедесталом). Длина одной руки – пять метров. На раскрытой ладони могли бы свободно танцевать 4 человека. Кого представляет эта огромная японская статуя?',16,10,0),(229,'Когда этот металл был получен в чистом виде, он ценился дороже золота. Царская семья получила в подарок набор столовых приборов, изготовленных из этого вещества. Во время торжественных обедов, когда все придворные пользовались «дешевыми» приборами из серебра и золота, члены царской семьи могли себе позволить принимать пищу с помощью ложек, вилок и ножей из этого металла. Традиция изготовления столовых приборов из этого вещества сохранилась и по сей день. Правда, сейчас они считаются дешевыми и свидетельствуют скорее о нехватке денег, чем о богатстве. Что это за металл?',17,10,0),(230,'В XVI веке Швецией правил король Эрих XIV. В 1568 году он был свергнут с престола своим братом Иоанном III, стремившимся захватить власть любой ценой. В некоторых исторических документах, дошедших до наших дней, содержаться намеки на то, что Эрих XIVбыл отравлен. Шведские ученые решили проверить, так ли это. Но каким образом воссоздать картину событий, происшедших более четырех столетий назад? Благодаря современным радиоизотопным методам анализа, основанным на достижениях ядерной физики, невозможное стало возможным. Поскольку останки короля сохранились, его волосы подвергли тщательному исследованию. И что же выяснилось? Каким металлом был отравлен король?',18,10,0),(231,'К 1841 г. в лаборатории Монетного двора в Санкт-Петербурге скопилось довольно много отходов от производства монет. Профессор химии Казанского университета Карл Клаус обнаружил в них до 10% платины и небольшое количество палладия и осмия, а также еще один новый металл, с которым химик поступил, как истинный патриот. Какой это металл?',19,10,0),(232,'Оружейников древности и даже средневековья прочные характеристики этого металла вполне устраивали. Во-первых, нагрузка, которую испытывал щит при ударе копьем или секирой, куда меньше пробивной силы винтовочного выстрела. Во-вторых, у древних металлургов не было другого металла, прочного и доступного. Как этот. Не случайно античный бог-кузнец Гефест выковал непобедимому Ахиллесу щит … из какого металла?',20,10,0),(233,'Этот прибор заменил ручные (механические) вычислительные устройства и приспособления, и назывался «Считающие часы».',1,8,0),(234,'Носитель информации, предназначенный для использования в системах автоматической обработки данных, изобретенный в 19 веке, первые начали применяться в ткацких станках.',2,8,0),(235,'В каком году выпущен первый персональный компьютер IBM PC?',3,8,0),(236,'Кого из этих ученых по праву можно назвать «отцом компьютера»?',4,8,0),(237,'Этого человека считают первым программистом? Кто это?',5,8,0),(238,'Фамилия какого из этих ученных стала названием языка программирования?',6,8,0),(239,'В каком году в СССР была разработана первая аналоговая машина?',7,8,0),(240,'Периферийное устройство компьютера, предназначенное для перевода текста или графики на физический носитель из электронного вида малыми тиражами, начало создания его 1835г.',8,8,0),(241,'Какого объема был первый жесткий диск, который занимал место с холодильник?',9,8,0),(242,'Первый в мире автоматический вычислительный компьютер, изобретённый в 1944 г. профессором Айкнем. В нём использовалось сочетание электрических сигналов и механических приводов.',10,8,0),(243,'Первый широкомасштабный электронный цифровой компьютер.',11,8,0),(244,'Благодаря этому изобретению было достигнуто значительное уменьшение размеров и объёмов потребляемой энергии, а также повышение надёжности.',12,8,0),(245,'Какой российский город назван “в честь” древнейшего компьютера?',13,8,0),(246,'В начале XXI века эскимосы познакомились с изобретением, которое на их язык перевели как “ikiaqqivik” – “путешествие сквозь слои”. Что это за изобретение?',14,8,0),(247,'Аналоговый прибор, разработанный в 1814 году английским ученым Дж. Германом. Он был предназначен для определения площади, ограниченной замкнутой кривой на плоскости.',15,8,0),(248,'Назовите удивительного предка компьютера, не имевшего никакого отношения к вычислениям?',16,8,0),(249,'Как назвали линейку, помогающую счету?',17,8,0);
/*!40000 ALTER TABLE `test_questions` ENABLE KEYS */;
UNLOCK TABLES;

--
-- Table structure for table `test_results`
--

DROP TABLE IF EXISTS `test_results`;
/*!40101 SET @saved_cs_client     = @@character_set_client */;
/*!40101 SET character_set_client = utf8 */;
CREATE TABLE `test_results` (
  `id` int(11) NOT NULL AUTO_INCREMENT,
  `test_id` int(11) NOT NULL,
  `min_points` int(11) NOT NULL,
  `max_points` int(11) NOT NULL,
  `title` varchar(255) DEFAULT NULL,
  `description` text NOT NULL,
  `variant` varchar(10) DEFAULT NULL,
  PRIMARY KEY (`id`),
  KEY `test_id` (`test_id`),
  CONSTRAINT `test_results_ibfk_1` FOREIGN KEY (`test_id`) REFERENCES `tests` (`id`) ON DELETE CASCADE
) ENGINE=InnoDB AUTO_INCREMENT=39 DEFAULT CHARSET=utf8;
/*!40101 SET character_set_client = @saved_cs_client */;

--
-- Dumping data for table `test_results`
--

LOCK TABLES `test_results` WRITE;
/*!40000 ALTER TABLE `test_results` DISABLE KEYS */;
INSERT INTO `test_results` VALUES (1,1,40,45,'','У вас отличная память. Она вас подводит крайне редко. Вы пользуетесь записной книжкой, но при необходимости можете обойтись и без нее. Окружающие по достоинству оценивают ваши способности, и прежде всего тосность, пунктуальность и обязательность. Такие качества заслуживают уважения.',NULL),(2,1,15,39,'','Без записной книжки вам не обойтись. Так что оперативно и эффективно использовать ситуацию вам не всегда удается. Поэтому не лишне было бы потренировать память, хотя бы для того, чтобы на работе чувствовать себя гораздо спокойнее.',NULL),(3,1,0,14,'','На вашу память полагаться не стоит. Ваша забывчивость вредит вам не только на работе, но и в личной жизни. Из-за этого у вас появилась неуверенность в себе. Вам поможет только самодисциплина, тщательное и аккуратное фиксирование на бумаге важной информации. Ну и, конечно, не повредят специальные упражнения, тренирующие память.',NULL),(4,2,0,35,'Интроверсия','<strong>Интроверты</strong> направлены на мир собственных переживаний, мало контактны, молчаливы, с трудом заводят новые знакомства, не любят рисковать, переживают разрыв старых связей, нет вариантов проигрыша и выигрыша, высокий уровень тревожности и ригидности; флегматики, меланхолики.',NULL),(5,2,36,65,'Амбоверсия','<strong>Амбоверты</strong> - личности, в которых присутствуют слабовыраженные черты и интровертов, и экстравертов.<br /><br /><strong>Интроверты</strong> направлены на мир собственных переживаний, мало контактны, молчаливы, с трудом заводят новые знакомства, не любят рисковать, переживают разрыв старых связей, нет вариантов проигрыша и выигрыша, высокий уровень тревожности и ригидности; флегматики, меланхолики.<br /><br /><strong>Экстраверты</strong> легки в общении, у них высокий уровень агрессивности, имеют тенденцию к лидерству, любят быть в центре внимания, легко завязывают контакты, импульсивны, открыты + контактность, среди контактов могут быть и полезные; судят олюдях \"по внешности\", не заглядывают внутрь; холерики, сангвиники.',NULL),(6,2,66,100,'Экстраверсия','<strong>Экстраверты</strong> легки в общении, у них высокий уровень агрессивности, имеют тенденцию к лидерству, любят быть в центре внимания, легко завязывают контакты, импульсивны, открыты + контактность, среди контактов могут быть и полезные; судят олюдях \"по внешности\", не заглядывают внутрь; холерики, сангвиники.',NULL),(7,3,0,0,'','Реалистический тип','1'),(8,3,0,0,'','Интеллектуальный тип','2'),(9,3,0,0,'','Социальный тип','3'),(10,3,0,0,'','Конвенциальный тип','4'),(11,3,0,0,'','Предприимчивый тип','5'),(12,3,0,0,'','Артистический тип','6'),(13,4,0,34,'Низкий уровень импульсивности','Люди с низким уровнем импульсивности, наоборот, целенаправленны, имеют ясные ценностные ориентации, проявляют настойчивость в достижении поставленных целей, стремятся доводить начатое дело до конца.',NULL),(14,4,35,65,'Средний уровень импульсивности','Ваш уровень импульсивности находится в пределе средних значений. Это значит, что Вы достаточно уравновешенный человек и почти все решения принимаете взвешенно, но не исключены и проявления импульсивности.',NULL),(15,4,66,80,'Высокий уровень импульсивности','Высокий уровень импульсивности характеризует человека с недостаточным самоконтролем в общении и деятельности. Импульсивные люди часто имеют неопределенные жизненные планы, у них нет устойчивых интересов и они увлекаются то одним, то другим.',NULL),(16,5,-50,-11,'','Вы слишком осторожны.',NULL),(17,5,-10,10,'','Показатели готовности к риску имеют средние значения.',NULL),(18,5,11,50,'','Вы склонный к риску, порой неоправданному.',NULL),(19,6,0,5,'Плохо','Оценка \"Плохо\". Вы не знаете данный материал, ответы носят, скорее всего, случайный характер.','0'),(20,6,6,10,'Удовлетворительно','Оценка \"Удовлетворительно\". Вы знаете материал на низком уровне.','0'),(21,6,11,15,'Хорошо','Оценка \"Хорошо\". Ваше знание материала позволяет сказать, что Вы разбираетесь в теме на достаточном уровне.','0'),(22,6,15,20,'Отлично','Оценка \"Отлично\". Вы досконально разбираетесь в теме и заслуживаете похвалы.','0'),(23,7,0,5,'Плохо','Оценка \"Плохо\". Вы не знаете данный материал, ответы носят, скорее всего, случайный характер.','0'),(24,7,6,10,'Удовлетворительно','Оценка \"Удовлетворительно\". Вы знаете материал на низком уровне.','0'),(25,7,11,15,'Хорошо','Оценка \"Хорошо\". Ваше знание материала позволяет сказать, что Вы разбираетесь в теме на достаточном уровне.','0'),(26,7,15,20,'Отлично','Оценка \"Отлично\". Вы досконально разбираетесь в теме и заслуживаете похвалы.','0'),(27,9,0,5,'Плохо','Оценка \"Плохо\". Вы не знаете данный материал, ответы носят, скорее всего, случайный характер.','0'),(28,9,6,10,'Удовлетворительно','Оценка \"Удовлетворительно\". Вы знаете материал на низком уровне.','0'),(29,9,11,15,'Хорошо','Оценка \"Хорошо\". Ваше знание материала позволяет сказать, что Вы разбираетесь в теме на достаточном уровне.','0'),(30,9,15,20,'Отлично','Оценка \"Отлично\". Вы досконально разбираетесь в теме и заслуживаете похвалы.','0'),(31,10,0,5,'Плохо','Оценка \"Плохо\". Вы не знаете данный материал, ответы носят, скорее всего, случайный характер.','0'),(32,10,6,10,'Удовлетворительно','Оценка \"Удовлетворительно\". Вы знаете материал на низком уровне.','0'),(33,10,11,15,'Хорошо','Оценка \"Хорошо\". Ваше знание материала позволяет сказать, что Вы разбираетесь в теме на достаточном уровне.','0'),(34,10,15,20,'Отлично','Оценка \"Отлично\". Вы досконально разбираетесь в теме и заслуживаете похвалы.','0'),(35,8,0,5,'Плохо','Оценка \"Плохо\". Вы не знаете данный материал, ответы носят, скорее всего, случайный характер.','0'),(36,8,6,9,'Удовлетворительно','Оценка \"Удовлетворительно\". Вы знаете материал на низком уровне.','0'),(37,8,10,13,'Хорошо','Оценка \"Хорошо\". Ваше знание материала позволяет сказать, что Вы разбираетесь в теме на достаточном уровне.','0'),(38,8,14,17,'Отлично','Оценка \"Отлично\". Вы досконально разбираетесь в теме и заслуживаете похвалы.','0');
/*!40000 ALTER TABLE `test_results` ENABLE KEYS */;
UNLOCK TABLES;

--
-- Table structure for table `tests`
--

DROP TABLE IF EXISTS `tests`;
/*!40101 SET @saved_cs_client     = @@character_set_client */;
/*!40101 SET character_set_client = utf8 */;
CREATE TABLE `tests` (
  `id` int(10) NOT NULL AUTO_INCREMENT,
  `name` varchar(255) NOT NULL,
  `description` text,
  `created` datetime NOT NULL,
  `passed` int(10) NOT NULL DEFAULT '0',
  `price` float NOT NULL DEFAULT '0',
  `calc_strategy` varchar(255) NOT NULL,
  `category_id` int(10) DEFAULT NULL,
  PRIMARY KEY (`id`),
  KEY `tests_categories_id_fk` (`category_id`),
  CONSTRAINT `tests_categories_id_fk` FOREIGN KEY (`category_id`) REFERENCES `categories` (`id`) ON DELETE SET NULL ON UPDATE CASCADE
) ENGINE=InnoDB AUTO_INCREMENT=11 DEFAULT CHARSET=utf8;
/*!40101 SET character_set_client = @saved_cs_client */;

--
-- Dumping data for table `tests`
--

LOCK TABLES `tests` WRITE;
/*!40000 ALTER TABLE `tests` DISABLE KEYS */;
INSERT INTO `tests` VALUES (1,'Диагностика общего состояния памяти',' С помощью данного теста можно определить состояние вашей памяти. Тест-опросник включает сорок пять утверждений, требующих однозначной реакции (\"да\" или \"нет\").','2015-02-16 15:13:45',0,0,'total-weight',1),(2,'Выявление психотипов по К. Юнгу','Данная методика предложена К.Юнгом для выявления типологических\nособенностей личности. <br />На каждый вопрос имеется два варианта ответа, необходимо выбрать ответ, который подходит Вам больше, и поставить букву, обозначающая этот ответ.','2016-05-01 14:27:41',0,2.5,'total-weight',1),(3,'Опросник Д.Голланда','Определение типа личности по профессиональным предпочтениям','2016-05-05 16:47:00',0,0,'predominant-variant',1),(4,'Исследование импульсивности. Тест-опросник В.А.Лосенкова','Предлагаемый Вам тест-опросник содержит 20 вопросов. К каждому из вопросов дана шкала ответов. Внимательно прочитайте каждый вопрос и выберите ответ. В тесте нет \"плохих\" и \"хороших\" ответов. Старайтесь почувствовать себя свободно и отвечать искренне. Предпочтительнее тот ответ, который первым пришел Вам в голову.','2016-05-02 16:22:00',0,1.5,'total-weight',1),(5,'Методика диагностики степени готовности к риску Шуберта','Оцените степень своей готовности совершить действия, о которых Вас спрашивают.','2016-05-02 17:19:00',0,0,'total-weight',1),(6,'Итоговый тест по математике (6 класс)','Знания по математике, полученные в 5 и 6 классе, помогут освоить алгебру и геометрию в старших классах. Проверьте свои знания, вы увидите, что математика - это вовсе не скучно, а весьма интересно и занимательно!','2016-05-06 19:48:00',0,0,'number-correct-answers',2),(7,'Тест по географии на тему \"Страны мира\" (11 класс)','В какой стране были изобретены линолеум и пылесос? В каком государстве нет железных дорог? Где впервые появились бумажные деньги?','2016-05-06 19:48:00',0,0.5,'number-correct-answers',3),(8,'Тест по информатике на тему \"История вычислительной техники\" (9 класс)','История вычислительной техники началась несколько веков назад с идеи научить машину считать или хотя бы складывать многоразрядные целые числа.','2016-05-06 19:48:00',0,1,'number-correct-answers',4),(9,'Тест по английскому языку на тему: Интересные факты об англоязычных странах (11 класс)','В какой стране не водятся змеи? Какой штат США самый маленький? В каком государстве самая большая трамвайная сеть?','2016-05-06 19:48:00',0,0,'number-correct-answers',5),(10,'Тест по химии на тему \"Металлы\" (10-11 класс)','Металлы и изделия из них встречаются нам повсеместно. Даже организм человека на 3% состоит из металлов. Проверьте свои знания о них в этом тесте!','2016-05-06 19:48:00',0,0,'number-correct-answers',6);
/*!40000 ALTER TABLE `tests` ENABLE KEYS */;
UNLOCK TABLES;

--
-- Table structure for table `users`
--

DROP TABLE IF EXISTS `users`;
/*!40101 SET @saved_cs_client     = @@character_set_client */;
/*!40101 SET character_set_client = utf8 */;
CREATE TABLE `users` (
  `id` int(10) NOT NULL AUTO_INCREMENT,
  `username` varchar(20) NOT NULL,
  `password` varchar(64) NOT NULL,
  `wallet` float DEFAULT '0',
  `registered_at` datetime NOT NULL,
  `activation_code` varchar(255) NOT NULL,
  `active` tinyint(4) DEFAULT '0',
  `email` varchar(100) DEFAULT NULL,
  PRIMARY KEY (`id`),
  UNIQUE KEY `users_username_uindex` (`username`)
) ENGINE=InnoDB DEFAULT CHARSET=utf8;
/*!40101 SET character_set_client = @saved_cs_client */;

--
-- Dumping data for table `users`
--

LOCK TABLES `users` WRITE;
/*!40000 ALTER TABLE `users` DISABLE KEYS */;
/*!40000 ALTER TABLE `users` ENABLE KEYS */;
UNLOCK TABLES;
/*!40103 SET TIME_ZONE=@OLD_TIME_ZONE */;

/*!40101 SET SQL_MODE=@OLD_SQL_MODE */;
/*!40014 SET FOREIGN_KEY_CHECKS=@OLD_FOREIGN_KEY_CHECKS */;
/*!40014 SET UNIQUE_CHECKS=@OLD_UNIQUE_CHECKS */;
/*!40101 SET CHARACTER_SET_CLIENT=@OLD_CHARACTER_SET_CLIENT */;
/*!40101 SET CHARACTER_SET_RESULTS=@OLD_CHARACTER_SET_RESULTS */;
/*!40101 SET COLLATION_CONNECTION=@OLD_COLLATION_CONNECTION */;
/*!40111 SET SQL_NOTES=@OLD_SQL_NOTES */;

-- Dump completed on 2016-05-10 12:12:52
